sexo;IdadeAtual;Servidor;Tempo;NaturalidadeCidade
F;51,00;EBTT;26,00;VICOSA
F;52,00;EBTT;25,00;JEQUERI
F;53,00;EBTT;28,00;MOGI DAS CRUZES
F;54,00;EBTT;31,00;GUARACIABA
F;55,00;EBTT;27,00;RIO VERMELHO
F;55,00;EBTT;26,00;BELO HORIZONTE
F;56,00;D;30,00;SAO PAULO
F;56,00;TA;30,00;BELO HORIZONTE
F;56,00;TA;37,00;RIO DE JANEIRO
F;56,00;TA;34,00;BELO HORIZONTE
F;56,00;TA;31,00;UBA
F;56,00;TA;30,00;VICOSA
F;56,00;TA;30,00;ARAPONGA
F;56,00;D;32,00;SALVADOR
F;56,00;TA;30,00;VICOSA
F;56,00;TA;32,00;JUIZ DE FORA
F;56,00;TA;32,00;TEIXEIRAS
F;56,00;D;30,00;VICOSA
F;56,00;D;36,00;INDEPENDENCIA
F;56,00;TA;35,00;ERVALIA
F;56,00;TA;33,00;CAJURI
F;56,00;TA;30,00;SANTA RITA DE CARATI
F;56,00;D;32,00;SAO PAULO
F;56,00;TA;33,00;CANAA
F;56,00;TA;32,00;TEIXEIRAS
F;56,00;TA;32,00;PONTE NOVA
F;56,00;TA;33,00;VICOSA
F;56,00;TA;37,00;VICOSA
F;56,00;TA;33,00;SAO PEDRO DOS FERROS
M;56,00;EBTT;34,00;VICOSA
F;56,00;TA;41,00;PORTO FIRME
F;56,00;D;34,00;VIÃ‡OSA
F;56,00;D;30,00;VICOSA
F;56,00;TA;34,00;SAO VICENTE DO GRAMA
M;56,00;EBTT;33,00;TEOFILO OTONI
F;56,00;TA;31,00;VICOSA
F;56,00;TA;36,00;TEIXEIRAS
F;56,00;TA;38,00;VICOSA
F;56,00;TA;35,00;RAUL SOARES
F;56,00;TA;41,00;TEIXEIRAS
F;56,00;TA;33,00;VICOSA
F;56,00;D;30,00;ERVALIA
F;56,00;D;32,00;SAO PAULO
F;56,00;D;30,00;JUIZ DE FORA
M;56,00;EBTT;30,00;TEIXEIRAS
F;56,00;TA;33,00;ALVINOPOLIS
F;56,00;TA;30,00;VICOSA
F;56,00;TA;30,00;CAPINOPOLIS
F;56,00;D;37,00;RECREIO
F;56,00;TA;42,00;FLORESTAL
F;56,00;TA;31,00;FLORESTAL
F;56,00;TA;32,00;SETE LAGOAS
M;56,00;EBTT;31,00;ERVALIA
F;56,00;TA;30,00;VICOSA
F;57,00;TA;30,00;VICOSA
F;57,00;D;32,00;PRIMEIRO DE MAIO
F;57,00;D;34,00;CAPARAO
F;57,00;TA;34,00;RIO DE JANEIRO
F;57,00;EBTT;25,00;RIO DE JANEIRO
F;57,00;TA;30,00;BURI
F;57,00;TA;37,00;VICOSA
F;57,00;EBTT;25,00;VICOSA
F;57,00;TA;32,00;SAO MIGUEL DO ANTA
F;57,00;TA;30,00;SAO MIGUEL DO ANTA
F;57,00;TA;36,00;VICOSA
F;57,00;TA;34,00;OLIVEIRA
F;57,00;TA;33,00;UBA
F;57,00;TA;36,00;BRÃ?S PIRES
F;57,00;TA;37,00;VICOSA
F;57,00;TA;35,00;VICOSA
F;57,00;D;30,00;VICOSA
F;57,00;TA;37,00;BELO HORIZONTE
F;57,00;D;39,00;TEIXEIRAS
F;57,00;TA;30,00;BELO HORIZONTE
F;57,00;D;35,00;SAO JOSE DO RIO PRETO
F;57,00;TA;32,00;GUARACIABA
F;57,00;TA;31,00;VICOSA
F;57,00;D;33,00;FORMIGA
F;57,00;TA;33,00;FLORESTAL
F;57,00;TA;31,00;VICOSA
F;57,00;D;33,00;SANTA CRUZ DO ESCALVADO
F;57,00;TA;33,00;POCOS DE CALDAS
F;57,00;TA;31,00;RIO DE JANEIRO
F;57,00;TA;30,00;VICOSA
F;57,00;TA;33,00;PORTO FIRME
F;57,00;TA;32,00;BELO HORIZONTE
F;57,00;D;40,00;RIO DE JANEIRO
F;57,00;TA;32,00;VICOSA
F;57,00;TA;32,00;VICOSA
F;57,00;D;34,00;TEIXEIRA SOARES
F;58,00;TA;38,00;PIRANGA
F;58,00;TA;30,00;RIO DE JANEIRO
F;58,00;TA;37,00;CARIOCA
F;58,00;EBTT;36,00;SAO MIGUEL DO ANTA
F;58,00;TA;38,00;VICOSA
F;58,00;TA;32,00;VICOSA
F;58,00;D;35,00;COROMANDEL
F;58,00;TA;31,00;VICOSA
F;58,00;TA;30,00;BELO HORIZONTE
F;58,00;TA;30,00;CAJURI
F;58,00;TA;34,00;VICOSA
F;58,00;TA;38,00;PAULA CANDIDO
F;58,00;TA;40,00;VICOSA
F;58,00;D;34,00;COLATINA
F;58,00;D;31,00;LAVRAS
F;58,00;TA;35,00;RIO DE JANEIRO
F;58,00;TA;35,00;VICOSA
F;58,00;D;40,00;VI COSA
F;58,00;TA;31,00;RIO CASCA
F;58,00;TA;38,00;VICOSA
F;58,00;TA;31,00;VICOSA
F;58,00;TA;39,00;VICOSA
F;58,00;TA;34,00;VICOSA
F;58,00;TA;31,00;PORTO FIRME
F;58,00;TA;36,00;CONCEICAO DE IPANEMA
F;58,00;TA;34,00;ARCOS
F;58,00;TA;32,00;CANAA
F;58,00;TA;36,00;CAJURI
F;58,00;TA;30,00;SANTA TEREZA
F;58,00;D;32,00;CAMPO BELO
F;58,00;TA;33,00;VICOSA
F;58,00;TA;30,00;VICOSA
F;58,00;TA;30,00;VISCONDE DO RIO BRANCO
F;58,00;TA;33,00;RIO DE JANEIRO
F;58,00;D;35,00;TRES RIOS
M;58,00;EBTT;32,00;BAMBUI
M;58,00;EBTT;31,00;CORACAO DE JESUS
M;58,00;EBTT;31,00;VICOSA
M;59,00;EBTT;30,00;VICOSA
M;59,00;EBTT;30,00;PAULA CANDIDO
F;59,00;TA;33,00;VICOSA
F;59,00;D;34,00;RECREIO
F;59,00;TA;39,00;PORTO FIRME
F;59,00;TA;30,00;CAJURI
F;59,00;TA;35,00;VICOSA
F;59,00;D;35,00;BELO HORIZONTE
F;59,00;TA;35,00;VICOSA
F;59,00;TA;32,00;VICOSA
F;59,00;D;35,00;LEOPOLDINA
F;59,00;TA;32,00;VICOSA
F;59,00;TA;36,00;SANTO AMARO
F;59,00;TA;39,00;DIOGO DE VASCONCELOS
F;59,00;TA;30,00;VICOSA
F;59,00;TA;32,00;VICOSA
F;59,00;TA;36,00;PONTE NOVA
F;59,00;D;30,00;VICOSA
F;59,00;D;39,00;VICOSA
F;59,00;TA;38,00;VICOSA
F;59,00;TA;30,00;ALEGRE
F;59,00;TA;30,00;VICOSA
F;59,00;TA;31,00;RIO POMBA
F;59,00;TA;41,00;VICOSA
F;59,00;TA;30,00;TIMOTEO
F;59,00;TA;30,00;VICOSA
F;59,00;D;33,00;VICOSA
F;59,00;TA;31,00;COROMANDEL
F;59,00;TA;32,00;SAO PAULO
F;59,00;TA;36,00;ITAOCARA
F;59,00;TA;32,00;CAJURI
F;59,00;D;31,00;RIO DE JANEIRO
F;59,00;EBTT;31,00;IPATINGA
F;59,00;TA;30,00;SAO PAULO
M;60,00;D;36,00;VOLTA REDONDA
M;60,00;D;37,00;XAMBRE
M;60,00;TA;36,00;LARANJAL
M;60,00;D;38,00;JUIZ DE FORA
M;60,00;TA;35,00;VICOSA
M;60,00;D;38,00;PONTE NOVA
M;60,00;D;37,00;MACAE
F;60,00;TA;32,00;VICOSA
M;60,00;TA;36,00;CAJURI
M;60,00;D;54,00;CONTAGEM
F;60,00;D;30,00;BELO HORIZONTE
F;60,00;TA;31,00;VICOSA
M;60,00;D;36,00;NITEROI
F;60,00;TA;30,00;MIRAI
F;60,00;TA;35,00;BELO HORIZONTE
M;60,00;TA;38,00;PEDRA DO ANTA
M;60,00;TA;36,00;VICOSA
M;60,00;TA;37,00;VICOSA
M;60,00;TA;37,00;TEIXEIRAS
M;60,00;TA;36,00;SAO MIGUEL DO ANTA
M;60,00;TA;35,00;MUTUM
M;60,00;TA;40,00;PORTO FIRME
M;60,00;TA;41,00;SENADOR FIRMINO
M;60,00;TA;36,00;VICOSA
M;60,00;TA;37,00;AMPARO DO SERRA
M;60,00;D;35,00;BAURU
M;60,00;TA;38,00;FLORESTAL
M;60,00;TA;38,00;FLORESTAL
M;60,00;TA;36,00;PIEDADE DAS GERAIS
F;60,00;D;36,00;BALSAMO
M;60,00;EBTT;37,00;ALEGRE
M;60,00;TA;39,00;RIO CASCA
M;60,00;TA;38,00;VICOSA
M;60,00;D;37,00;PERDOES
M;60,00;TA;35,00;SAO MIGUEL DO ANTA
M;60,00;TA;36,00;VIÃ‡OSA
M;60,00;TA;35,00;PARA DE MINAS
M;60,00;TA;35,00;VICOSA
M;60,00;D;36,00;RIO DE JANEIRO
M;60,00;TA;35,00;ARAPONGA
M;60,00;D;38,00;VALPARAISO
M;60,00;D;39,00;PARAGUACU PAULISTA
M;60,00;TA;36,00;SILVA JARDIM
M;60,00;TA;36,00;VICOSA
M;60,00;TA;36,00;VICOSA
F;60,00;D;40,00;JEQUERI
M;60,00;TA;37,00;TEIXEIRAS
M;60,00;TA;37,00;PRESIDENTE BERNARDES
M;60,00;TA;35,00;CAJURI
M;60,00;TA;35,00;CAJURI
M;60,00;TA;36,00;VICOSA
M;60,00;TA;36,00;VICOSA
M;60,00;TA;41,00;PRESIDENTE BERNARDES
M;60,00;TA;38,00;RIO DE JANEIRO
M;60,00;TA;37,00;VICOSA
M;60,00;TA;35,00;VICOSA
M;60,00;TA;36,00;VICOSA
M;60,00;TA;43,00;CAJURI
M;60,00;TA;37,00;TEIXEIRAS
M;60,00;TA;35,00;TEIXEIRAS
M;60,00;TA;35,00;VICOSA
M;60,00;TA;37,00;ORATORIOS
M;60,00;D;38,00;RIO DE JANEIRO
M;60,00;TA;40,00;POSSE
F;60,00;D;39,00;VICOSA
F;60,00;TA;30,00;VICOSA
M;60,00;TA;39,00;VICOSA
M;60,00;TA;38,00;VIÃ‡OSA
M;60,00;TA;40,00;CAJURI
M;60,00;TA;39,00;TEIXEIRAS
M;60,00;D;36,00;LAVRAS
M;60,00;TA;40,00;VICOSA
M;60,00;TA;36,00;VIÃ‡OSA
M;60,00;D;37,00;VICOSA
M;60,00;D;39,00;CAJURI
M;60,00;D;39,00;BELO HORIZONTE
M;60,00;TA;40,00;JEGUERI
F;60,00;TA;31,00;VICOSA
M;60,00;TA;38,00;CAJURI
M;60,00;TA;39,00;VICOSA
M;60,00;TA;40,00;CAJURI
M;60,00;TA;37,00;SAO MIGUEL DO ANTA
M;60,00;TA;35,00;SAO MIGUEL DO ANTA
M;60,00;TA;40,00;COIMBRA
M;60,00;TA;37,00;SAO MIGUEL DO ANTA
M;60,00;TA;35,00;COIMBRA
M;60,00;TA;39,00;CAJURI
M;60,00;TA;37,00;VICOSA
M;60,00;TA;36,00;VICOSA
F;60,00;D;34,00;VIRADOURO
M;60,00;TA;39,00;QUEIMADOS
M;60,00;TA;41,00;VICOSA
F;60,00;D;38,00;RIO POMBA
M;60,00;TA;35,00;VICOSA
M;60,00;TA;41,00;VICOSA
M;60,00;TA;41,00;VICOSA
M;60,00;TA;36,00;SAO MIGUEL DO ANTA
M;60,00;TA;37,00;VICOSA
M;60,00;TA;36,00;VICOSA
M;60,00;TA;38,00;SAO MIGUEL DO ANTA
M;60,00;TA;43,00;UBA
M;60,00;TA;43,00;VIÃ‡OSA
M;60,00;TA;37,00;COIMBRA
M;60,00;D;38,00;CATAGUASES
M;60,00;TA;39,00;GUARACIABA
M;60,00;TA;42,00;VICOSA
M;60,00;TA;35,00;PEDRA DO ANTA
M;60,00;TA;39,00;SAO MIGUEL DO ANTA
M;60,00;EBTT;34,00;CANAA
M;60,00;TA;35,00;VICOSA
M;60,00;TA;35,00;PRESIDENTE BERNARDES
M;60,00;TA;39,00;PORTO FIRME
F;60,00;TA;34,00;VICOSA
M;60,00;TA;36,00;VICOSA
M;60,00;D;40,00;SAO RAIMUNDO NONATO
M;60,00;TA;42,00;VICOSA
M;60,00;TA;35,00;VICOSA
M;60,00;TA;38,00;SANTO HIPOLITO
M;60,00;TA;35,00;COIMBRA
M;60,00;TA;37,00;JEQUERI
M;60,00;TA;43,00;CANAÃƒ
M;60,00;TA;41,00;VICOSA
M;60,00;TA;38,00;LIMA DUARTE
M;60,00;TA;36,00;ITANHANDU
M;60,00;TA;39,00;VICOSA
M;60,00;TA;37,00;CAJURI
M;60,00;D;42,00;CANAA
M;60,00;TA;36,00;BOM JESUS DO ITABAPOANA
M;60,00;TA;36,00;SENHORA DE OLIVEIRA
M;60,00;TA;35,00;COIMBRA
M;60,00;TA;37,00;CAJURI
M;60,00;TA;38,00;IPANEMA
M;60,00;D;37,00;MANHUACU
M;60,00;D;39,00;SABARA
F;60,00;TA;36,00;BALSAS
M;60,00;TA;37,00;CANAA
M;60,00;TA;39,00;PRESIDENTE BERNARDES
M;60,00;TA;36,00;DONA EUZEBIA
M;60,00;TA;35,00;RIO PRETO
M;60,00;TA;37,00;TIROS
M;60,00;TA;37,00;VICOSA
M;60,00;TA;36,00;TEIXEIRAS
M;60,00;TA;36,00;UBÃ?
F;60,00;TA;30,00;VICOSA
M;60,00;TA;35,00;BARBACENA
M;60,00;TA;39,00;VICOSA
F;60,00;TA;36,00;RIO POMBA
M;60,00;D;36,00;BELO HORIZONTE
M;60,00;TA;35,00;VICOSA
M;60,00;TA;36,00;SANTA RITA DE CALDAS
M;60,00;TA;40,00;RIBEIRAO DA MATA
M;60,00;TA;36,00;CANAA
M;60,00;TA;37,00;RIO DE JANEIRO
F;60,00;TA;37,00;VICOSA
F;60,00;TA;31,00;VICOSA
M;60,00;TA;37,00;CAJURI
M;60,00;TA;39,00;VIÃ‡OSA
F;60,00;TA;39,00;VICOSA
M;60,00;TA;40,00;VICOSA
M;60,00;TA;36,00;JUIZ DE FORA
M;60,00;TA;39,00;VICOSA
M;60,00;D;36,00;RESENDE
M;60,00;TA;35,00;PEDRA DO ANTA
M;60,00;TA;39,00;VICOSA
M;60,00;D;37,00;CURITIBA
M;60,00;TA;36,00;CAJURI
M;60,00;D;35,00;SALVADOR
M;60,00;D;35,00;CAMBUCI
F;60,00;D;34,00;CARRANCAS
M;60,00;D;39,00;SAO SEBASTIAO DO PARAISO
M;60,00;TA;36,00;VIÃ‡OSA
M;60,00;TA;36,00;VICOSA
M;60,00;TA;36,00;CANAA
M;60,00;TA;36,00;TEIXEIRAS
M;60,00;TA;36,00;ARAPONGA
F;60,00;D;33,00;BASTOS
M;60,00;D;37,00;PORTO ALEGRE
M;60,00;TA;39,00;VICOSA
M;60,00;TA;35,00;VICOSA
M;60,00;TA;39,00;VICOSA
F;60,00;D;36,00;DIVINESIA
M;60,00;TA;39,00;GUARACIABA
M;60,00;TA;36,00;SAO MIGUEL DO ANTA
M;60,00;TA;38,00;VICOSA
F;60,00;TA;36,00;VICOSA
M;60,00;TA;35,00;VICOSA
M;60,00;TA;37,00;VERA CRUZ DE MINAS
M;60,00;TA;35,00;PEDRA DO ANTA
M;60,00;TA;36,00;PARA DE MINAS
M;60,00;EBTT;39,00;OLIVEIRA
M;60,00;TA;42,00;PARA DE MINAS
M;60,00;TA;36,00;FLORESTAL
M;60,00;EBTT;29,00;PONTE NOVA
M;60,00;TA;36,00;FLORESTAL
M;60,00;EBTT;35,00;PARA DE MINAS
M;60,00;TA;38,00;FLORESTAL
M;60,00;TA;39,00;FLORESTAL
M;60,00;TA;38,00;FLORESTAL
M;60,00;TA;37,00;BELO HORIZONTE
M;60,00;TA;43,00;FLORESTAL
M;60,00;TA;43,00;ABAETÃ‰
M;60,00;TA;43,00;CRUCILANDIA
M;60,00;TA;41,00;FLORESTAL
M;60,00;TA;36,00;ESTRELA DO INDAIA
M;60,00;TA;36,00;PAULA CANDIDO
M;60,00;TA;36,00;CAJURI
M;60,00;D;35,00;MANHUACU
M;60,00;TA;39,00;NAO INFORMADO
M;60,00;TA;36,00;IPIACU
M;60,00;TA;36,00;MURIAE
M;60,00;TA;36,00;PORTO FIRME
M;60,00;TA;37,00;VICOSA
M;60,00;TA;38,00;GUARACIABA
M;60,00;TA;35,00;CANAÃƒ
M;60,00;TA;36,00;GUARACIABA
M;60,00;TA;37,00;CAJURI
M;60,00;TA;36,00;CAJURI
M;61,00;TA;37,00;VICOSA
M;61,00;TA;35,00;SAO MIGUEL DO ANTA
M;61,00;TA;36,00;SALVADOR
M;61,00;TA;39,00;SAO MIGUEL DO ANTA
M;61,00;TA;36,00;VICOSA
M;61,00;TA;39,00;SAO MIGUEL DO ANTA
M;61,00;TA;35,00;VICOSA
M;61,00;TA;35,00;CAPINOPOLIS
M;61,00;TA;38,00;CAPINOPOLIS
M;61,00;TA;36,00;FLORESTAL
M;61,00;TA;35,00;FLORESTAL
M;61,00;TA;35,00;FLORESTAL
M;61,00;TA;45,00;FLORESTAL
M;61,00;TA;35,00;FLORESTAL
M;61,00;TA;36,00;FLORESTAL
M;61,00;TA;41,00;RIALMA
M;61,00;EBTT;40,00;LEOPOLDINA
M;61,00;TA;42,00;OLIVEIRA
M;61,00;TA;38,00;VICOSA
M;61,00;TA;38,00;GUARACIABA
M;61,00;TA;38,00;ITAGIMIRIM
M;61,00;TA;40,00;VICOSA
M;61,00;TA;36,00;VICOSA
M;61,00;TA;35,00;MURIAE
M;61,00;TA;37,00;SAO MIGUEL DO ANTA
M;61,00;TA;38,00;LEOPOLDINA
M;61,00;TA;38,00;PONTE NOVA
M;61,00;D;38,00;MAR DE ESPANHA
M;61,00;D;38,00;ARAGUARI
M;61,00;TA;36,00;GUARACIABA
M;61,00;TA;36,00;VICOSA
M;61,00;TA;37,00;CANAA
M;61,00;TA;40,00;BELO VALE
M;61,00;TA;36,00;BRAS PIRES
M;61,00;TA;38,00;CAJURI
M;61,00;TA;39,00;CAJURI
M;61,00;TA;40,00;PEDRA DO ANTA
M;61,00;TA;40,00;CANAA
M;61,00;TA;43,00;VICOSA
M;61,00;D;35,00;CARATINGA
M;61,00;TA;39,00;SAO MIGUEL DO ANTA
M;61,00;TA;37,00;TEIXEIRAS
F;61,00;TA;30,00;VICOSA
M;61,00;TA;40,00;RIO CASCA
M;61,00;D;36,00;VICOSA
F;61,00;D;36,00;APUCARANA
M;61,00;D;36,00;CAXIAS DO SUL
M;61,00;TA;36,00;CANAA
M;61,00;TA;37,00;SAO MIGUEL DO ANTA
F;61,00;D;30,00;RIO CLARO
M;61,00;TA;41,00;CANAA
F;61,00;TA;42,00;VICOSA
M;61,00;D;35,00;VICOSA
M;61,00;D;42,00;VIÃ‡OSA
M;61,00;TA;44,00;UBA
M;61,00;TA;42,00;CORNELIO PROCOPIO
M;61,00;D;35,00;RIO POMBA
M;61,00;TA;35,00;VICOSA
M;61,00;TA;39,00;RAUL SOARES
M;61,00;TA;37,00;BARBACENA
F;61,00;TA;42,00;CONSELHEIRO LAFAIETE
M;61,00;TA;41,00;PAULA CANDIDO
M;61,00;TA;36,00;CAJURI
M;61,00;TA;37,00;ERVALIA
M;61,00;TA;36,00;ALEGRE
M;61,00;D;35,00;PROVIDENCIA
F;61,00;D;39,00;TEIXEIRAS
M;61,00;TA;36,00;VICOSA
M;61,00;TA;41,00;CARATINGA
M;61,00;TA;40,00;VISCONDE DO RIO BRANCO
M;61,00;TA;39,00;VICOSA
M;61,00;TA;43,00;CANAA
M;61,00;D;36,00;VICOSA
M;61,00;TA;37,00;RIO DE JANEIRO
M;61,00;TA;39,00;CAJURI
M;61,00;TA;42,00;PRESIDENTE BERNARDES
M;61,00;TA;39,00;VICOSA
F;61,00;TA;38,00;PORTO FIRME
M;61,00;TA;36,00;VIÃ‡OSA
M;61,00;D;37,00;CAPITOLIO
M;61,00;TA;39,00;SAO MIGUEL DO ANTA
M;61,00;TA;35,00;VICOSA
M;61,00;TA;35,00;CAJURI
M;61,00;TA;35,00;VICOSA
M;61,00;TA;35,00;VICOSA
M;61,00;TA;40,00;VISCONDE DO RIO BRANCO
M;61,00;TA;40,00;TEIXEIRAS
M;61,00;TA;35,00;VICOSA
M;61,00;TA;39,00;VICOSA
M;61,00;TA;38,00;VICOSA
M;61,00;TA;36,00;VICOSA
M;61,00;TA;41,00;VICOSA
M;61,00;TA;35,00;ARAPONGA
M;61,00;D;36,00;RIO DE JANEIRO
M;61,00;D;36,00;SAO LUIZ
M;61,00;TA;40,00;CAJURI
M;61,00;TA;37,00;CAJURI
M;61,00;TA;41,00;CAJURI
M;61,00;TA;36,00;VICOSA
M;61,00;TA;42,00;PRESIDENTE BERNARDES
M;61,00;TA;39,00;VICOSA
M;61,00;TA;38,00;VICOSA
M;61,00;TA;35,00;VICOSA
M;61,00;TA;36,00;VICOSA
M;61,00;TA;35,00;VICOSA
M;61,00;TA;38,00;VICOSA
M;61,00;TA;35,00;CAJURI
M;61,00;TA;35,00;CAJURI
M;61,00;TA;42,00;VIÃ‡OSA
M;61,00;TA;35,00;VIÃ‡OSA
M;61,00;TA;36,00;ERVALIA
M;61,00;TA;41,00;POTE
M;61,00;TA;40,00;CANAA
F;61,00;TA;30,00;VICOSA
M;61,00;TA;35,00;VICOSA
M;61,00;TA;35,00;ARAPONGA
F;61,00;TA;30,00;VICOSA
M;61,00;TA;38,00;NAO INFORMADO
M;61,00;TA;36,00;VICOSA
M;61,00;D;40,00;VICOSA
M;61,00;D;38,00;VICOSA
M;61,00;TA;35,00;ORATORIOS
M;61,00;TA;45,00;RIO POMBA
M;61,00;TA;35,00;PRESIDENTE BERNARDES
M;61,00;TA;35,00;VICOSA
M;61,00;TA;44,00;VICOSA
M;61,00;TA;36,00;CAJURI
M;61,00;TA;39,00;VICOSA
M;61,00;TA;45,00;VICOSA
F;61,00;D;31,00;TEIXEIRAS
M;61,00;TA;38,00;VICOSA
M;61,00;TA;37,00;CAJURI
F;61,00;TA;31,00;VICOSA
M;61,00;TA;38,00;VICOSA
M;61,00;TA;40,00;VICOSA
M;61,00;TA;35,00;COIMBRA
M;61,00;TA;37,00;VICOSA
M;61,00;TA;35,00;VICOSA
M;61,00;TA;35,00;VICOSA
F;61,00;TA;40,00;VICOSA
M;61,00;TA;36,00;VICOSA
M;61,00;TA;39,00;VICOSA
M;61,00;TA;41,00;VICOSA
M;61,00;TA;35,00;VICOSA
M;61,00;TA;37,00;CAJURI
M;61,00;TA;41,00;CAJURI
M;61,00;D;35,00;CAJURI
F;61,00;D;41,00;BRAS PIRES
M;61,00;TA;40,00;COIMBRA
F;61,00;D;30,00;ARAGUARI
M;61,00;TA;35,00;VICOSA
M;61,00;TA;35,00;FLORESTAL
M;61,00;TA;43,00;VICOSA
M;61,00;TA;36,00;VICOSA
F;61,00;TA;32,00;VICOSA
M;61,00;TA;37,00;VICOSA
M;61,00;D;37,00;CORONEL FABRICIANO
F;61,00;D;38,00;VICOSA
M;61,00;TA;42,00;VICOSA
F;61,00;TA;30,00;CAJURI
M;61,00;TA;46,00;VICOSA
M;61,00;TA;36,00;DORES DO TURVO
M;61,00;TA;36,00;CAJURI
M;61,00;TA;35,00;PONTE NOVA
M;61,00;TA;36,00;PONTE NOVA
F;61,00;TA;33,00;PORTO FIRME
F;61,00;D;30,00;RIO BRANCO
M;61,00;D;36,00;RIO DE JANEIRO
M;61,00;TA;35,00;VICOSA
M;61,00;D;38,00;CONCEICAO DO RIO VERDE
M;61,00;D;41,00;VICOSA
F;61,00;TA;34,00;ABRE CAMPO
F;61,00;EBTT;34,00;SETE LAGOAS
F;61,00;D;36,00;ARAÃ‡ATUBA
M;61,00;TA;40,00;VICOSA
M;61,00;D;35,00;AFONSO CLAUDIO
M;61,00;D;42,00;VICOSA
M;61,00;TA;35,00;GUARACIABA
M;61,00;EBTT;36,00;VIRGINOPOLIS
M;61,00;TA;41,00;RIO DE JANEIRO
M;61,00;D;35,00;RIO DAS MORTES
M;62,00;D;40,00;VISCONDE DO RIO BRAN
M;62,00;D;40,00;CAMPINAS
F;62,00;D;30,00;RIO DE JANEIRO
M;62,00;TA;40,00;VIÃ‡OSA
M;62,00;TA;35,00;VICOSA
F;62,00;D;34,00;SENADOR FIRMINO
F;62,00;D;35,00;BELO HORIZONTE
M;62,00;D;38,00;CACHOEIRO DO ITAPEMIRIM
M;62,00;TA;38,00;LINHARES
F;62,00;TA;34,00;VICOSA
M;62,00;TA;42,00;VICOSA
M;62,00;TA;41,00;CAJURI
M;62,00;TA;35,00;PEDRA DO ANTA
M;62,00;TA;36,00;TEIXEIRAS
M;62,00;TA;42,00;CAJURI
M;62,00;TA;35,00;PRESIDENTE BERNARDES
M;62,00;D;35,00;PETROPOLIS
M;62,00;D;40,00;RIO DE JANEIRO
F;62,00;EBTT;26,00;CAMPO BELO
M;62,00;D;35,00;SAO BORJA
M;62,00;TA;35,00;VICOSA
F;62,00;TA;30,00;VICOSA
F;62,00;D;32,00;MEDINA
F;62,00;D;33,00;CARATINGA
M;62,00;D;35,00;SAO PEDRO DOS FERROS
M;62,00;TA;38,00;CANAA
M;62,00;TA;35,00;VICOSA
M;62,00;TA;37,00;COIMBRA
M;62,00;TA;49,00;VISCONDE DO RIO BRANCO
M;62,00;TA;39,00;VICOSA
M;62,00;D;40,00;ARACATI
M;62,00;D;39,00;JEQUITINHONHA
M;62,00;TA;35,00;VICOSA
M;62,00;D;38,00;HOHENLIMBURG
M;62,00;TA;45,00;VICOSA
M;62,00;TA;41,00;CAJURI
M;62,00;TA;36,00;VICOSA
M;62,00;TA;40,00;VICOSA
M;62,00;TA;42,00;VICOSA
F;62,00;D;39,00;BELO HORIZONTE
M;62,00;TA;39,00;VICOSA
M;62,00;TA;48,00;VIÃ‡OSA
M;62,00;TA;35,00;GUARACIABA
M;62,00;TA;40,00;PIRANGA
M;62,00;EBTT;37,00;DUQUE DE CAXIAS
M;62,00;TA;42,00;RIO DOCE
M;62,00;TA;38,00;INHAPIM
M;62,00;D;40,00;CAMPOS DOS GOYTACASES
M;62,00;TA;35,00;PORTO FIRME
M;62,00;TA;37,00;SAO MIGUEL DO ANTA
M;62,00;TA;35,00;NAO INFORMADO
F;62,00;TA;43,00;UBA
M;62,00;TA;38,00;PAULA CANDIDO
M;62,00;TA;42,00;TEIXEIRAS
M;62,00;TA;35,00;STA CRUZ DO ESCALVADO
M;62,00;TA;43,00;TEIXEIRAS
M;62,00;TA;35,00;VICOSA
M;62,00;TA;35,00;PAULA CANDIDO
M;62,00;TA;35,00;SAO MIGUEL DO ANTA
M;62,00;TA;37,00;VICOSA
M;62,00;TA;42,00;CAJURI
M;62,00;TA;39,00;CAJURI
M;62,00;TA;37,00;PORTO FIRME
M;62,00;TA;35,00;CAJURI
M;62,00;TA;35,00;GUARACIABA
M;62,00;TA;35,00;CANAA
M;62,00;TA;35,00;PONTE NOVA
M;62,00;TA;41,00;JUIZ DE FORA
M;62,00;TA;38,00;CANAA
M;62,00;TA;41,00;PAULA CANDIDO
M;62,00;TA;39,00;VICOSA
M;62,00;TA;35,00;CAJURI
M;62,00;D;41,00;JERIQUARA
F;62,00;TA;39,00;NOVA ERA
M;62,00;TA;41,00;VICOSA
M;62,00;TA;35,00;PAULA CANDIDO
F;62,00;TA;33,00;TEIXEIRAS
F;62,00;TA;35,00;VICOSA
M;62,00;D;35,00;CANAA
M;62,00;TA;43,00;VIÃ‡OSA
M;62,00;TA;40,00;ERVALIA
M;62,00;TA;42,00;PITANGUI
M;62,00;TA;35,00;ARAPONGA
F;62,00;TA;32,00;LUZIANIA
M;62,00;TA;39,00;VICOSA
F;62,00;TA;40,00;VICOSA
M;62,00;TA;43,00;VICOSA
M;62,00;TA;42,00;VICOSA
M;62,00;TA;35,00;VICOSA
M;62,00;TA;39,00;COROMANDEL
M;62,00;TA;45,00;TEIXEIRAS
F;62,00;TA;36,00;RESPLENDOR
M;62,00;TA;41,00;AMPARO DO SERRA
M;62,00;TA;35,00;VICOSA
M;62,00;D;36,00;OURO PRETO
M;62,00;TA;41,00;VICOSA
M;62,00;TA;40,00;VICOSA
M;62,00;TA;37,00;CANAA
M;62,00;TA;39,00;VICOSA
M;62,00;TA;36,00;VICOSA
M;62,00;TA;35,00;VICOSA
F;62,00;TA;40,00;TERESINA
M;62,00;TA;43,00;CANAA
M;62,00;TA;36,00;ERVALIA
M;62,00;D;40,00;VENDA NOVA DO IMIGRANTE
F;62,00;D;32,00;SAO GERALDO
M;62,00;TA;41,00;VICOSA
M;62,00;D;38,00;CURITIBA
M;62,00;D;35,00;PORTO FIRME
M;62,00;D;35,00;SAO PAULO
M;62,00;TA;45,00;MANTENA
M;62,00;TA;43,00;VICOSA
M;62,00;D;38,00;BOTELHOS
M;62,00;TA;35,00;RAUL SOARES
M;62,00;TA;36,00;VICOSA
M;62,00;TA;38,00;PORTO FIRME
M;62,00;D;42,00;BELO HORIZONTE
M;62,00;TA;36,00;CAJURI
M;62,00;TA;35,00;GUARACIABA
M;62,00;TA;35,00;JEQUERI
F;62,00;D;36,00;PAULA CANDIDO
F;62,00;TA;36,00;VICOSA
M;62,00;TA;38,00;VICOSA
M;62,00;TA;44,00;VICOSA
M;62,00;TA;39,00;VICOSA
M;62,00;TA;36,00;SAO LEOPOLDO
M;62,00;TA;37,00;VICOSA
M;62,00;TA;35,00;FLORESTAL
M;62,00;TA;39,00;FLORESTAL
M;62,00;TA;35,00;FLORESTAL
M;62,00;D;38,00;GUIRICEMA
M;62,00;TA;35,00;VICOSA
F;62,00;TA;37,00;VICOSA
M;62,00;TA;35,00;SAO PEDRO DOS FERROS
M;62,00;TA;38,00;VICOSA
M;62,00;TA;38,00;GUARACIABA
M;62,00;TA;36,00;CAJURI
M;62,00;TA;35,00;PRESIDENTE BERNARDES
M;62,00;TA;36,00;VICOSA
M;62,00;TA;37,00;VICOSA
M;62,00;TA;38,00;SAO MIGUEL DO ANTA
M;63,00;TA;39,00;PEDRA DO ANTA
M;63,00;TA;35,00;CAJURI
M;63,00;TA;38,00;VICOSA
M;63,00;TA;40,00;VICOSA
M;63,00;D;40,00;OSLO
M;63,00;TA;41,00;VICOSA
M;63,00;TA;42,00;VICOSA
M;63,00;TA;35,00;OLIVEIRA
M;63,00;TA;35,00;SERRA DO SALITRE
M;63,00;EBTT;37,00;BARBACENA
M;63,00;TA;40,00;CLAUDIO
M;63,00;TA;38,00;VIÃ‡OSA
M;63,00;TA;38,00;VICOSA
M;63,00;TA;45,00;PAULA CANDIDO
M;63,00;TA;36,00;UBA
M;63,00;TA;38,00;CAJURI
F;63,00;D;33,00;BELO HORIZONTE
M;63,00;TA;36,00;AMPARO DA SERRA
M;63,00;TA;36,00;VICOSA
M;63,00;TA;42,00;VICOSA
F;63,00;D;40,00;VISCONDE DO RIO BRANCO
M;63,00;D;39,00;VICOSA
M;63,00;TA;36,00;RIO DE JANEIRO
M;63,00;D;38,00;VICOSA
M;63,00;D;43,00;UBA
M;63,00;TA;36,00;VICOSA
M;63,00;TA;35,00;SAO MIGUEL DO ANTA
M;63,00;TA;37,00;ERVALIA
M;63,00;TA;39,00;VICOSA
M;63,00;TA;42,00;VICOSA
M;63,00;TA;44,00;VICOSA
M;63,00;D;36,00;CAMPINA GRANDE
M;63,00;TA;42,00;CANAA
M;63,00;TA;38,00;VICOSA
M;63,00;TA;39,00;GUARACIABA
M;63,00;D;38,00;IPANEMA
M;63,00;TA;38,00;PORTO FIRME
M;63,00;TA;35,00;CAJURI
M;63,00;TA;43,00;PORTO FIRME
M;63,00;TA;35,00;BARRA LONGA
F;63,00;TA;39,00;ALEM PARAIBA
M;63,00;TA;35,00;TEIXEIRAS
M;63,00;TA;35,00;VICOSA
M;63,00;TA;43,00;VICOSA
M;63,00;TA;35,00;CAJURI
M;63,00;TA;47,00;SAO PAULO
M;63,00;TA;40,00;CAJURI
M;63,00;TA;41,00;PAULA CANDIDO
M;63,00;TA;37,00;MANTENA
F;63,00;TA;43,00;CAJURI
M;63,00;TA;35,00;VICOSA
M;63,00;TA;42,00;VICOSA
M;63,00;TA;43,00;VIÃ‡OSA
M;63,00;TA;42,00;VIÃ‡OSA
M;63,00;TA;35,00;COIMBRA
M;63,00;TA;35,00;PAULA CANDIDO
M;63,00;TA;35,00;VICOSA
M;63,00;TA;35,00;JEQUERI
M;63,00;TA;39,00;SAO MIGUEL DO ANTA
M;63,00;TA;35,00;PINHEIROS ALTOS
M;63,00;TA;47,00;VICOSA
M;63,00;TA;42,00;VICOSA
M;63,00;TA;44,00;VICOSA
M;63,00;TA;36,00;JEQUERI
M;63,00;TA;36,00;PAULA CANDIDO
M;63,00;TA;35,00;CAJURI
M;63,00;TA;37,00;CACHOEIRA PAULISTA
M;63,00;TA;42,00;BELO HORIZONTE
F;63,00;TA;37,00;VICOSA
M;63,00;TA;42,00;PAULA CANDIDO
M;63,00;TA;44,00;VIÃ‡OSA
M;63,00;TA;41,00;VICOSA
M;63,00;TA;42,00;CARATINGA
M;63,00;TA;37,00;CAJURI
M;63,00;TA;37,00;VICOSA
M;63,00;D;40,00;ILHEUS
M;63,00;TA;35,00;TEIXEIRAS
F;63,00;TA;32,00;VICOSA
M;63,00;TA;38,00;BELO HORIZONTE
M;63,00;TA;43,00;PISCAMBA
M;63,00;TA;36,00;PRESIDENTE BERNARDES
M;63,00;D;41,00;MANDAGUARI
M;63,00;TA;44,00;VICOSA
F;63,00;TA;30,00;VICOSA
M;63,00;TA;35,00;VICOSA
M;63,00;D;40,00;VICOSA
M;63,00;TA;35,00;VICOSA
M;63,00;TA;44,00;PAULA CANDIDO
M;63,00;TA;42,00;VICOSA
M;63,00;TA;47,00;TEIXEIRAS
M;63,00;D;36,00;UBA
M;63,00;D;40,00;NOVA FRIBURGO
M;63,00;D;44,00;FLORESTAL
F;63,00;D;33,00;ITABUNA
F;63,00;TA;30,00;COIMBRA
M;63,00;TA;35,00;CAJURI
M;63,00;TA;38,00;PORTO FIRME
M;63,00;TA;43,00;JUIZ DE FORA
M;63,00;TA;42,00;VICOSA
M;63,00;TA;44,00;VICOSA
M;63,00;D;38,00;SÃƒO PAULO
F;63,00;TA;30,00;PORTO FIRME
M;63,00;TA;38,00;VISCONDE DO RIO BRANCO
F;63,00;TA;30,00;VICOSA
M;63,00;TA;36,00;FLORESTAL
M;63,00;D;43,00;BOM JESUS DO GALHO
M;63,00;TA;40,00;CANAA
F;63,00;TA;30,00;VICOSA
M;63,00;TA;36,00;SENADOR FIRMINO
M;63,00;D;38,00;PIEDADE
F;63,00;EBTT;33,00;URUGUAIANA
F;63,00;TA;32,00;BRAZ PIRES
M;63,00;D;35,00;BELO HORIZONTE
F;63,00;EBTT;30,00;VISCONDE DO RIO BRANCO
F;64,00;D;43,00;RIO DE JANEIRO
M;64,00;D;38,00;ROLANDIA
F;64,00;TA;39,00;TEIXEIRAS
M;64,00;D;37,00;BELO HORIZONTE
F;64,00;TA;39,00;VICOSA
M;64,00;TA;36,00;TEIXEIRAS
M;64,00;TA;35,00;VICOSA
M;64,00;TA;38,00;RIO DE JANEIRO
F;64,00;D;39,00;VICOSA
M;64,00;D;35,00;MONTE CELESTE
M;64,00;TA;40,00;COIMBRA
M;64,00;TA;37,00;PARA DE MINAS
M;64,00;TA;35,00;VICOSA
F;64,00;TA;43,00;VISC. DO RIO BRANCO
F;64,00;D;33,00;MURIAE
M;64,00;D;36,00;OSASCO
F;64,00;TA;43,00;ESTEVAO ARAUJO
M;64,00;D;39,00;SAO PAULO
M;64,00;TA;48,00;VICOSA
M;64,00;TA;35,00;VICOSA
M;64,00;TA;46,00;ARAPONGA
M;64,00;TA;38,00;UBA
F;64,00;D;36,00;VICOSA
M;64,00;TA;42,00;VICOSA
M;64,00;TA;45,00;VICOSA
M;64,00;D;40,00;VICOSA
M;64,00;TA;43,00;VICOSA
M;64,00;TA;35,00;VICOSA
M;64,00;D;38,00;CRISTIANO OTONI
M;64,00;D;42,00;QUIRINOPOLIS
M;64,00;D;41,00;AGUA AMARELA
M;64,00;D;44,00;BARBACENA
M;64,00;TA;36,00;CANAA
M;64,00;D;40,00;RIO CLARO
M;64,00;D;39,00;VICOSA
M;64,00;D;44,00;AGUANIL
M;64,00;D;41,00;SAO JOSE DO CALCADO
M;64,00;TA;39,00;VICOSA
M;64,00;TA;44,00;VIÃ‡OSA
M;64,00;TA;38,00;VICOSA
F;64,00;TA;30,00;VICOSA
F;64,00;D;41,00;VIÃ‡OSA
M;64,00;TA;35,00;SAO MIGUEL DO ANTA
M;64,00;D;45,00;JUAZEIRO DO NORTE
M;64,00;TA;46,00;GOVERNADOR VALADARES
M;64,00;TA;38,00;COLATINA
M;64,00;TA;43,00;GUARACIABA
M;64,00;TA;39,00;CAJURI
M;64,00;TA;41,00;VICOSA
M;64,00;TA;35,00;PAULA CANDIDO
M;64,00;TA;42,00;COIMBRA
M;64,00;TA;38,00;VICOSA
M;64,00;TA;40,00;VICOSA
M;64,00;TA;35,00;CANAA
M;64,00;TA;41,00;PORTO FIRME
M;64,00;TA;42,00;VICOSA
M;64,00;D;43,00;VICOSA
M;64,00;TA;43,00;PEDRA DO ANTA
M;64,00;TA;39,00;VICOSA
M;64,00;TA;43,00;TEIXEIRAS
M;64,00;D;42,00;CAJOBI
M;64,00;TA;35,00;SAO MIGUEL DO ANTA
M;64,00;TA;44,00;CAJURI
M;64,00;TA;43,00;CAJURI
M;64,00;TA;42,00;VICOSA
F;64,00;TA;45,00;VICOSA
M;64,00;TA;41,00;RIO DE JANEIRO
M;64,00;TA;41,00;ABRE CAMPO
M;64,00;TA;42,00;RIO DOCE
M;64,00;TA;42,00;VICOSA
F;64,00;TA;43,00;VICOSA
F;64,00;D;38,00;VICOSA
F;64,00;TA;30,00;VICOSA
F;64,00;TA;42,00;VICOSA
M;64,00;TA;35,00;VICOSA
M;64,00;TA;43,00;COIMBRA
M;64,00;TA;44,00;TEIXEIRAS
M;64,00;D;45,00;MATIAS BARBOSA
M;64,00;TA;41,00;VICOSA
M;64,00;TA;36,00;AMPARO DO SERRA
F;64,00;TA;39,00;CANAA
M;64,00;TA;38,00;ANDRELÃ‚NDIA
M;64,00;TA;42,00;VICOSA
M;64,00;D;38,00;TUNTUM
F;64,00;TA;30,00;RIO DE JANEIRO
F;64,00;TA;35,00;CACHOEIRO DE ITAPEMI
M;64,00;TA;36,00;VIÃ‡OSA
M;64,00;TA;35,00;PORTO FIRME
M;64,00;TA;36,00;PAULA CANDIDO
M;64,00;TA;35,00;PAULA CANDIDO
M;64,00;TA;35,00;GUARACIABA
M;64,00;TA;38,00;VICOSA
F;64,00;TA;41,00;AFONSO CLAUDIO
M;64,00;TA;41,00;PIRANGA
M;64,00;TA;35,00;FLORESTAL
M;64,00;EBTT;39,00;CAMPO BELO
M;64,00;EBTT;31,00;VICOSA
M;64,00;D;40,00;FUKUOKA
M;64,00;TA;38,00;CANAÃƒ
M;64,00;TA;42,00;PIRANGA
M;65,00;TA;35,00;VICOSA
M;65,00;TA;39,00;VICOSA
M;65,00;EBTT;33,00;SANTA RITA DO IBITIPOCA
F;65,00;TA;43,00;VICOSA
M;65,00;TA;35,00;CAJURI
M;65,00;D;36,00;RIVERA
M;65,00;TA;39,00;SAO MIGUEL DO ANTA
M;65,00;TA;45,00;VICOSA
F;65,00;TA;41,00;ESTEVAO DE ARAUJO
M;65,00;TA;40,00;UBERABA
M;65,00;TA;37,00;VICOSA
M;65,00;TA;40,00;VICOSA
M;65,00;TA;35,00;CAJURI
M;65,00;TA;38,00;VICOSA
M;65,00;TA;39,00;VICOSA
M;65,00;TA;38,00;CAJURI
M;65,00;TA;35,00;TEIXEIRAS
M;65,00;TA;40,00;SAO MIGUEL DO ANTA
M;65,00;TA;35,00;VICOSA
F;65,00;TA;31,00;SÃƒO GABRIEL DA PALHA
M;65,00;TA;35,00;PORTO FIRME
F;65,00;TA;44,00;UBA
F;65,00;TA;41,00;PIEDADE DO RIO GRANDE
F;65,00;D;38,00;RIO VERDE
M;65,00;TA;44,00;BELO HORIZONTE
M;65,00;TA;45,00;COIMBRA
M;65,00;TA;41,00;VICOSA
F;65,00;TA;39,00;VICOSA
F;65,00;TA;41,00;PORTO FIRME
F;65,00;D;40,00;VICOSA
M;65,00;D;40,00;JUIZ DE FORA
M;65,00;TA;39,00;PORTO FIRME
M;65,00;TA;36,00;JEQUERI
M;65,00;D;40,00;VICOSA
M;65,00;D;39,00;FORTALEZA
M;65,00;TA;41,00;VICOSA
M;65,00;TA;37,00;CAJURI
M;65,00;TA;46,00;BELO HORIZONTE
M;65,00;TA;39,00;CRATO
M;65,00;TA;35,00;VICOSA
M;65,00;TA;46,00;VICOSA
M;65,00;D;36,00;CARLOS CHAGAS
M;65,00;TA;45,00;VICOSA
M;65,00;TA;35,00;VICOSA
M;65,00;TA;35,00;VISCONDE DO RIO BRANCO
M;65,00;TA;41,00;CANAA
M;65,00;TA;36,00;PORTO FIRME
M;65,00;D;42,00;CONSELHEIRO PENA
M;65,00;TA;46,00;VIÃ‡OSA
M;65,00;TA;43,00;VICOSA
F;65,00;TA;43,00;VICOSA
M;65,00;TA;48,00;VICOSA
M;65,00;TA;45,00;VIÃ‡OSA
M;65,00;TA;44,00;PAULA CANDIDO
F;65,00;TA;41,00;CONSELHEIRO PENA
F;65,00;TA;40,00;COIMBRA
F;65,00;TA;31,00;PRESIDENTE BERNARDES
F;65,00;D;40,00;COIMBRA
M;65,00;TA;40,00;JEQUERI
M;65,00;D;41,00;VICOSA
M;65,00;TA;35,00;VICOSA
M;65,00;TA;35,00;SENHORA DE OLIVEIRA
M;65,00;TA;42,00;VICOSA
M;65,00;TA;35,00;VICOSA
M;65,00;TA;35,00;VICOSA
F;65,00;TA;40,00;VICOSA
M;65,00;TA;35,00;CAJURI
M;65,00;TA;45,00;SAO VICENTE DO GRAMA
M;65,00;TA;41,00;ITUMIRIM
M;65,00;TA;35,00;VICOSA
M;65,00;TA;38,00;CAMPO MAIOR
M;65,00;TA;40,00;UBA
M;65,00;TA;35,00;VICOSA
M;65,00;D;45,00;VISCONDE DO RIO BRANCO
M;65,00;D;39,00;SAO PAULO
F;65,00;TA;31,00;VICOSA
F;65,00;TA;30,00;VICOSA
M;65,00;TA;36,00;FLORESTAL
M;65,00;TA;37,00;VICOSA
M;65,00;TA;38,00;CARMOPOLIS
M;65,00;TA;42,00;ESMERALDAS
M;65,00;TA;44,00;VICOSA
M;65,00;TA;36,00;CANNA
M;65,00;TA;45,00;ARAPONGA
M;65,00;D;37,00;GOVERDADOR VALADARES
F;65,00;D;30,00;SAO PAULO
M;66,00;D;37,00;BOM JESUS DO NORTE
F;66,00;D;46,00;PRESIDENTE BERNARDES
M;66,00;TA;43,00;VICOSA
M;66,00;D;40,00;VICOSA
M;66,00;D;35,00;SANTA FE DO SUL
F;66,00;D;44,00;COROMANDEL
M;66,00;D;45,00;CARATINGA
M;66,00;TA;35,00;PARÃ? DE MINAS
M;66,00;TA;35,00;VICOSA
M;66,00;TA;35,00;AMANDABA
F;66,00;TA;38,00;RUI BARBOSA
F;66,00;TA;35,00;CAXAMBU
M;66,00;TA;36,00;GUARACIABA
F;66,00;D;32,00;GUACUÃ?
M;66,00;D;37,00;RIO ESPERA
M;66,00;TA;41,00;FLORESTAL
M;66,00;D;43,00;PIRANGI
M;66,00;D;35,00;VITORIA
M;66,00;D;45,00;AMPARO DO SERRA
F;66,00;TA;45,00;VICOSA
M;66,00;TA;35,00;VICOSA
M;66,00;TA;47,00;CAJURI
M;66,00;TA;45,00;VICOSA
F;66,00;D;45,00;MACEIO
F;66,00;TA;44,00;CANAA
M;66,00;TA;36,00;SAO MIGUEL DO ANTA
M;66,00;D;45,00;VICOSA
M;66,00;D;44,00;CAMPO BELO
M;66,00;TA;35,00;VICOSA
M;66,00;TA;35,00;SENADOR FIRMINO
M;66,00;TA;46,00;VICOSA
M;66,00;TA;40,00;VICOSA
M;66,00;TA;43,00;PAULA CANDIDO
M;66,00;TA;39,00;VICOSA
M;66,00;TA;35,00;VICOSA
M;66,00;TA;44,00;TEEIXEIRAS
F;66,00;D;30,00;ANDRE FERNANDES
M;66,00;D;41,00;BIAS FORTES
M;66,00;TA;35,00;VIÃ‡OSA
F;66,00;TA;46,00;PONTE NOVA
M;66,00;TA;45,00;PAULA CANDIDO
M;66,00;TA;45,00;VICOSA
M;66,00;TA;35,00;ERVALIA
M;66,00;TA;47,00;TEIXEIRAS
M;66,00;TA;46,00;VICOSA
F;66,00;TA;30,00;VICOSA
M;66,00;TA;44,00;UBA
M;66,00;TA;36,00;PEDRA DO ANTA
M;66,00;TA;42,00;VICOSA
M;66,00;TA;44,00;PORTO FIRME
F;66,00;TA;44,00;VICOSA
M;66,00;TA;35,00;PEDRA DO ANTA
M;66,00;TA;45,00;CANAA
M;66,00;TA;38,00;BRAZ PIRES
M;66,00;TA;45,00;CAJURI
M;66,00;TA;44,00;CANAA
M;66,00;D;44,00;CRUZILIA
M;66,00;TA;41,00;CANAA
M;66,00;TA;41,00;VICOSA
F;66,00;TA;41,00;VICOSA
M;66,00;TA;44,00;VICOSA
M;66,00;D;42,00;ILHEUS
M;66,00;TA;40,00;VICOSA
M;66,00;D;39,00;CARRANCAS
M;66,00;TA;46,00;SAO MIGUEL DO ANTA
F;66,00;TA;35,00;VICOSA
M;66,00;TA;37,00;VICOSA
M;66,00;TA;38,00;CAJURI
M;66,00;TA;35,00;VICOSA
M;66,00;D;47,00;PIUMHI
M;66,00;TA;35,00;MANDAGUARI
M;66,00;TA;35,00;VICOSA
M;66,00;TA;45,00;PORTO FIRME
M;66,00;TA;48,00;VICOSA
M;66,00;TA;43,00;VICOSA
M;66,00;TA;43,00;VICOSA
M;66,00;TA;39,00;VICOSA
F;66,00;TA;31,00;SÃƒO MIGUEL DO ANTA
M;66,00;EBTT;40,00;VICOSA
M;66,00;EBTT;38,00;CORACAO DE JESUS
M;66,00;TA;45,00;TEIXEIRAS
M;66,00;TA;39,00;GUARACIABA
M;66,00;TA;37,00;VICOSA
M;66,00;TA;41,00;CAJURI
M;66,00;TA;35,00;SANTA CRUZ
M;66,00;TA;36,00;TEIXEIRAS
M;67,00;TA;35,00;SAO MIGUEL DO ANTA
M;67,00;TA;35,00;CURRAIS NOVOS
M;67,00;TA;36,00;VICOSA
M;67,00;TA;40,00;VICOSA
M;67,00;TA;35,00;ITAMARAJU
M;67,00;EBTT;31,00;BELO HORIZONTE
M;67,00;TA;41,00;FLORESTAL
M;67,00;D;38,00;GENOVA
M;67,00;TA;35,00;VICOSA
F;67,00;D;36,00;CARATINGA
F;67,00;D;34,00;SAO JOAO NEPOMUCENO
F;67,00;TA;30,00;GORUTUBA
F;67,00;TA;35,00;VICOSA
M;67,00;TA;35,00;VICOSA
M;67,00;TA;37,00;CAJURI
M;67,00;TA;35,00;OURO PRETO
M;67,00;TA;41,00;PANAMA
M;67,00;TA;40,00;SANTANA DO GARAMBEU
M;67,00;TA;46,00;COIMBRA
F;67,00;TA;40,00;VICOSA
M;67,00;D;45,00;VIÃ‡OSA
M;67,00;TA;45,00;CANAA
M;67,00;TA;35,00;SENADOR FIRMINO
M;67,00;TA;39,00;ERVALIA
M;67,00;D;42,00;RESPLENDOR
F;67,00;TA;36,00;VICOSA
F;67,00;TA;33,00;PAULA CANDIDO
M;67,00;TA;41,00;GUIDOVAL
M;67,00;TA;44,00;VICOSA
M;67,00;TA;46,00;GOVERNADOR VALADARES
M;67,00;TA;37,00;CAJURI
F;67,00;TA;45,00;VICOSA
M;67,00;TA;48,00;RAUL SOARES
M;67,00;TA;46,00;VICOSA
M;67,00;TA;48,00;VICOSA
M;67,00;TA;42,00;VICOSA
M;67,00;TA;47,00;VICOSA
M;67,00;TA;43,00;CARATINGA
M;67,00;TA;45,00;CARATINGA
F;67,00;TA;47,00;VICOSA
M;67,00;TA;41,00;PORTO FIRME
M;67,00;TA;35,00;CAJURI
M;67,00;D;45,00;CAPELA
M;67,00;D;40,00;SAO PAULO
F;67,00;D;44,00;VICOSA
M;67,00;D;47,00;JUIZ DE FORA
M;67,00;TA;43,00;GUARACIABA
M;67,00;TA;37,00;SAO MIGUEL DO ANTA
M;67,00;TA;46,00;ARAPONGA
M;67,00;TA;48,00;GUARACIABA
M;67,00;D;41,00;GOVERNADOR VALADARES
M;67,00;D;46,00;SAO MIGUEL DO ANTA
M;67,00;TA;43,00;VICOSA
M;67,00;TA;49,00;BRAZ PIRES
M;67,00;TA;40,00;COIMBRA
M;67,00;TA;43,00;VICOSA
M;67,00;TA;50,00;CAJURI
M;67,00;D;42,00;FORTALEZA DE MINAS
M;67,00;D;35,00;SANTOS DUMONT
M;67,00;D;41,00;BOCAIUVA
M;67,00;TA;46,00;VITORIA
F;67,00;TA;30,00;PAULA CANDIDO
M;67,00;TA;35,00;GUARACIABA
M;67,00;TA;35,00;GUARACIABA
F;67,00;TA;36,00;COIMBRA
M;67,00;TA;35,00;RIO DE JANEIRO
M;67,00;TA;41,00;RIO DE JANEIRO
M;67,00;TA;37,00;FLORESTAL
M;67,00;D;42,00;CAJURI
M;68,00;D;48,00;RIO DE JANEIRO
M;68,00;D;45,00;FARIA LEMOS
M;68,00;TA;44,00;VICOSA
M;68,00;TA;43,00;VICOSA
M;68,00;TA;48,00;CAJURI
M;68,00;TA;51,00;VICOSA
F;68,00;TA;45,00;VICOSA
M;68,00;TA;47,00;VICOSA
M;68,00;TA;45,00;VIÃ‡OSA
M;68,00;TA;36,00;NAO INFORMADO
M;68,00;D;47,00;CAMPOS
M;68,00;D;45,00;TRES CORACOES
M;68,00;D;48,00;ITAUNA
M;68,00;TA;47,00;FORTALEZA
M;68,00;TA;46,00;VICOSA
M;68,00;TA;47,00;VICOSA
M;68,00;TA;41,00;BELO HORIZONTE
M;68,00;TA;38,00;COIMBRA
M;68,00;TA;35,00;CAJURI
M;68,00;TA;50,00;VICOSA
M;68,00;TA;35,00;CAJURI
M;68,00;TA;45,00;VICOSA
M;68,00;TA;47,00;VIÃ‡OSA
M;68,00;TA;44,00;VICOSA
M;68,00;TA;37,00;VICOSA
M;68,00;TA;43,00;MANHUACU
M;68,00;TA;47,00;VICOSA
M;68,00;TA;40,00;PORTO FIRME
M;68,00;TA;41,00;JUIZ DE FORA
F;68,00;TA;46,00;ERVALIA
M;68,00;TA;42,00;SAO MIGUEL DO ANTA
M;68,00;TA;50,00;VITORIA
M;68,00;D;41,00;NOVO HAMBURGO
F;68,00;TA;31,00;CAJURI
M;68,00;D;38,00;BARBACENA
M;68,00;TA;46,00;VICOSA
M;68,00;TA;35,00;VICOSA
M;68,00;TA;39,00;PORTO FIRME
M;68,00;TA;43,00;VICOSA
M;68,00;TA;41,00;PAULA CANDIDO
M;68,00;TA;35,00;CAJURI
M;68,00;TA;35,00;SAO MIGUEL DO ANTA
M;68,00;TA;47,00;TEIXEIRAS
M;68,00;D;46,00;SANTA TERESA
M;68,00;D;41,00;BELO HORIZONTE
F;68,00;D;31,00;CAMARGOS
M;68,00;TA;35,00;COIMBRA
M;68,00;TA;35,00;OLIVEIRA
M;68,00;TA;36,00;UBA
M;68,00;TA;38,00;TEIXEIRA
M;68,00;TA;45,00;PRESIDENTE BERNARDES
M;68,00;D;36,00;VALPARAISO
M;69,00;TA;41,00;VICOSA
M;69,00;TA;43,00;OLIVEIRA
M;69,00;TA;47,00;FLORESTAL
M;69,00;D;36,00;TRES ARROYOS
M;69,00;TA;35,00;SAO MIGUEL DO ANTA
M;69,00;TA;39,00;SAO JOAO DEL REY
M;69,00;TA;46,00;VICOSA
M;69,00;D;44,00;RIO VERMELHO
F;69,00;D;35,00;VICOSA
M;69,00;TA;51,00;ARAPONGA
M;69,00;TA;47,00;PINDAMONHANGABA
F;69,00;D;49,00;RIO POMBA
M;69,00;TA;44,00;CAJURI
F;69,00;TA;43,00;VIÃ‡OSA
M;69,00;TA;35,00;RAUL SOARES
M;69,00;TA;37,00;TEIXEIRAS
M;69,00;TA;39,00;PIRANGA
M;69,00;TA;53,00;PRESIDENTE BERNARDES
F;69,00;TA;41,00;PORTO FIRME
M;69,00;TA;44,00;CAJURI
M;69,00;TA;35,00;CAJURI
M;69,00;TA;40,00;PORTO FIRME
M;69,00;TA;46,00;VICOSA
M;69,00;TA;48,00;VICOSA
M;69,00;D;43,00;RODEIRO
M;69,00;TA;46,00;VICOSA
M;69,00;D;47,00;RIO DOCE
F;69,00;TA;35,00;SAO JOAO NEPOMUCENO
M;69,00;TA;39,00;VICOSA
M;69,00;TA;51,00;CAJURI
M;69,00;D;46,00;PEDRA DO ANTA
M;69,00;TA;60,00;CANAA
M;69,00;D;46,00;PORTO FIRME
M;69,00;TA;37,00;CAJURI
M;69,00;TA;39,00;NAO INFORMADO
M;69,00;TA;47,00;PRESIDENTE BERNARDES
M;69,00;TA;46,00;PAULA CANDIDO
M;69,00;D;46,00;ALTO RIO DOCE
M;69,00;TA;47,00;VICOSA
M;69,00;TA;35,00;CORREGO NOVO
M;69,00;D;43,00;VICOSA
M;69,00;D;46,00;RIO DE JANEIRO
M;69,00;D;44,00;VIRGEM DA LAPA
M;69,00;D;36,00;LUZ
M;69,00;D;41,00;SÃƒO GABRIEL DA PALHA
M;69,00;TA;42,00;LAVRAS
M;70,00;D;42,00;ERVALIA
M;70,00;TA;44,00;PIRANGA
M;70,00;TA;45,00;PEDRA DO ANTA
M;70,00;TA;40,00;VICOSA
M;70,00;TA;36,00;PORTO FIRME
M;70,00;D;39,00;SAO PAULO
M;70,00;D;42,00;RIO DE JANEIRO
M;70,00;TA;47,00;PORTO FIRME
M;70,00;TA;38,00;VICOSA
M;70,00;TA;42,00;SAO MIGUEL DO ANTA
M;70,00;TA;50,00;VICOSA
F;70,00;TA;45,00;VICOSA
F;70,00;D;44,00;TEOFILO OTONI
M;70,00;D;47,00;CORONEL PACHECO
F;70,00;TA;32,00;SAO GERALDO
M;70,00;TA;47,00;CAJURI
M;70,00;TA;53,00;VICOSA
M;70,00;D;45,00;GOIÃ?S
M;70,00;D;45,00;ARAPUÃ?
M;70,00;D;47,00;PIEDADE DE PONTE NOVA
F;70,00;D;48,00;CAJURI
M;70,00;TA;54,00;VICOSA
M;70,00;D;43,00;OLIVEIRA
M;70,00;TA;53,00;CAJURI
M;70,00;D;49,00;VICOSA
M;70,00;D;46,00;SAO MIGUEL DO ANTA
M;70,00;TA;54,00;VICOSA
F;70,00;TA;42,00;PRESIDENTE BERNARDES
M;70,00;TA;52,00;VICOSA
F;70,00;D;43,00;PAVAO
M;70,00;D;46,00;ITAPOLIS
M;70,00;D;47,00;ITAPOLIS
M;70,00;TA;47,00;COIMBRA
M;70,00;D;48,00;RIO NOVO
M;70,00;D;46,00;PATOS DE MINAS
F;70,00;D;41,00;CURVELO
M;70,00;TA;48,00;VICOSA
M;70,00;TA;38,00;VIÃ‡OSA
F;70,00;TA;38,00;VICOSA
M;70,00;TA;48,00;VICOSA
M;70,00;TA;40,00;COIMBRA
M;70,00;TA;41,00;CARATINGA
M;70,00;TA;36,00;COIMBRA
M;70,00;TA;45,00;VICOSA
M;70,00;TA;45,00;SAO MIGUEL DO ANTA
M;70,00;TA;39,00;CAJURI
M;70,00;TA;41,00;VICOSA
M;70,00;TA;36,00;CAJURÃ?
M;70,00;TA;44,00;VICOSA
F;70,00;D;49,00;VICOSA
M;70,00;TA;38,00;VICOSA
M;70,00;TA;37,00;VICOSA
M;70,00;TA;41,00;DIVINESIA
M;70,00;D;46,00;RIO PARDO
M;70,00;TA;43,00;VICOSA
F;70,00;TA;48,00;PORTO FIRME
M;70,00;TA;44,00;VICOSA
M;70,00;TA;44,00;ARAPONGA
F;70,00;TA;41,00;VICOSA
F;70,00;D;45,00;RIO DE JANEIRO
M;70,00;D;42,00;BELO HORIZONTE
M;70,00;TA;35,00;VICOSA
F;70,00;TA;40,00;VICOSA
F;70,00;TA;41,00;TEIXEIRAS
M;70,00;TA;47,00;ITAPERUNA
M;70,00;D;42,00;CAJURI
F;70,00;TA;42,00;VICOSA
F;70,00;TA;34,00;VICOSA
M;70,00;D;38,00;CORDOBA
M;70,00;D;36,00;CAJAMARCA
M;70,00;TA;43,00;OLIVEIRA
M;70,00;TA;41,00;BOM JESUS DO GALHO
M;70,00;D;48,00;VICOSA
M;70,00;TA;45,00;BOGOTA
M;70,00;TA;41,00;GUARACIABA
M;70,00;D;38,00;CAJABAMBA
M;70,00;D;35,00;QUITO
M;70,00;TA;50,00;ITAUNA
M;70,00;TA;36,00;SAO MIGUEL DO ANTA
F;71,00;TA;35,00;VICOSA
M;71,00;TA;40,00;NAO INFORMADO
M;71,00;TA;47,00;PORTO FIRME
M;71,00;TA;40,00;CANAA
M;71,00;TA;42,00;BELO HORIZONTE
M;71,00;D;48,00;NEOPOLIS
M;71,00;TA;41,00;COIMBRA
M;71,00;D;44,00;VICOSA
F;71,00;D;46,00;BELO HORIZONTE
M;71,00;TA;49,00;VIÃ‡OSA
M;71,00;TA;44,00;CAJURI
M;71,00;TA;45,00;VIÃ‡OSA
M;71,00;D;47,00;COIMBRA
M;71,00;D;47,00;MARIA DA FE
M;71,00;TA;50,00;VICOSA
M;71,00;D;46,00;VICOSA
M;71,00;TA;48,00;TEIXEIRAS
M;71,00;D;46,00;COIMBRA
M;72,00;D;47,00;PEDRA DO INDAIA
M;72,00;D;47,00;MANHUMIRIM
M;72,00;D;46,00;ABAETE
M;72,00;TA;48,00;CAJURI
M;72,00;TA;47,00;VIÃ‡OSA
M;72,00;TA;46,00;VICOSA
M;72,00;D;44,00;SAO PAULO
M;72,00;TA;58,00;VICOSA
M;72,00;TA;50,00;VICOSA
F;72,00;TA;44,00;VIÃ‡OSA
M;72,00;TA;49,00;CAJURI
M;72,00;TA;44,00;ERVALIA
M;72,00;D;47,00;UBA
M;72,00;TA;50,00;VICOSA
M;72,00;TA;42,00;CAJURI
M;72,00;TA;42,00;NAO INFORMADO
M;73,00;TA;41,00;CAPINOPOLIS
M;73,00;TA;45,00;TEIXEIRAS
M;73,00;D;47,00;RIBEIRAO PRETO
F;73,00;TA;50,00;JUIZ DE FORA
M;73,00;D;50,00;CARMO DO PARANAIBA
M;73,00;D;49,00;CARMO DO PARANAIBA
M;73,00;D;48,00;VICOSA
M;74,00;TA;52,00;VIÃ‡OSA
M;74,00;D;51,00;ITAGUAÃ‡U
F;74,00;TA;54,00;PRESIDENTE BERNARDES
M;74,00;D;51,00;CAJURI
M;74,00;TA;38,00;NAO INFORMADO
M;74,00;TA;39,00;PORTO FIRME
M;75,00;EBTT;48,00;SANTO ANTONIO DE LEVERGER
F;75,00;D;45,00;SABANALARGA
M;75,00;TA;41,00;CAPINOPOLIS
M;75,00;D;43,00;RIO DE JANEIRO
M;75,00;TA;56,00;UBA
M;75,00;TA;51,00;VICOSA
M;75,00;D;54,00;VICOSA
M;77,00;TA;35,00;OURO PRETO
